IDADE,ANOS_NA_PM,PONTO_VIRADA,INDE,IAA,IEG,IPS,IDA,IPP,IPV,IAN,FASE_TURMA,PEDRA,INSTITUICAO,ANOS_PM_POR_IDADE
nan,nan,,nan,nan,nan,nan,nan,nan,nan,nan,nan,nan,nan,
16,4,0.0,3.7383341666666663,7.91667,0.9,3.125,2.8333333333333335,5.625,4.1250025,5,5G,Quartzo,Escola Pública,0.25
10,0,0.0,5.367224,8.500020000000001,2025-05-01 00:00:00,2025-07-05 00:00:00,0,7.916666666666668,7.277776666666666,5,1K,Quartzo,Escola Pública,0.0
nan,nan,,nan,nan,nan,nan,nan,nan,nan,nan,nan,nan,nan,
nan,nan,,nan,nan,nan,nan,nan,nan,nan,nan,nan,nan,nan,
12,4,0.0,8.342224,10.000020000000001,2025-09-06 00:00:00,2025-07-05 00:00:00,8,9.166666666666666,8.277776666666668,5,2E,Ametista,Escola Pública,0.3333333333333333
14,3,0.0,5.510277666666668,9.58335,2025-02-06 00:00:00,6.875,4.333333333333333,8.333333333333334,5.722213333333335,5,3H,Quartzo,Escola Pública,0.21428571428571427
nan,nan,,nan,nan,nan,nan,nan,nan,nan,nan,nan,nan,nan,
10,0,0.0,5.604168666666667,9.000020000000001,2025-06-05 00:00:00,2025-07-05 00:00:00,0,6.875,7.333333333333333,5,1N,Quartzo,Escola Pública,0.0
nan,nan,,nan,nan,nan,nan,nan,nan,nan,nan,nan,nan,nan,
11,1,0.0,8.100557333333333,8.500020000000001,2025-09-06 00:00:00,6.875,8,6.875,6.777776666666665,10,2N,Ametista,Escola Pública,0.09090909090909091
9,1,0.0,8.718752,10.000020000000001,2025-08-05 00:00:00,2025-07-05 00:00:00,10,7.1875,7.75,10,1G,Topázio,Escola Pública,0.1111111111111111
12,2,0.0,7.1105566666666675,7.9166799999999995,2025-08-09 00:00:00,2025-07-05 00:00:00,5,6.666666666666667,8.11111,5,2J,Ágata,Rede Decisão/União,0.16666666666666666
nan,nan,,nan,nan,nan,nan,nan,nan,nan,nan,nan,nan,nan,
nan,nan,,nan,nan,nan,nan,nan,nan,nan,nan,nan,nan,nan,
8,1,0.0,8.664586,10.000020000000001,10,2025-07-05 00:00:00,2025-07-05 00:00:00,8125-07-01 00:00:00,8.16667,10,0E,Topázio,Escola Pública,0.125
nan,nan,,nan,nan,nan,nan,nan,nan,nan,nan,nan,nan,nan,
8,0,0.0,6.966669,9.500020000000001,10,2025-07-05 00:00:00,0,2025-07-05 00:00:00,7.583335,10,0C,Ágata,Escola Pública,0.0
14,4,0.0,8.003127333333333,9.58335,2025-08-05 00:00:00,6.875,8.666666666666666,7.65625,8.29167,5,3B,Ametista,Rede Decisão/União,0.2857142857142857
11,2,0.0,7.883752,8.500020000000001,2025-08-07 00:00:00,2025-07-05 00:00:00,7,9375-05-01 00:00:00,7.75,10,2H,Ametista,Escola Pública,0.18181818181818182
nan,nan,,nan,nan,nan,nan,nan,nan,nan,nan,nan,nan,nan,
10,2,1.0,8.626253,9.500020000000001,2025-08-06 00:00:00,8.75,10,8125-07-01 00:00:00,9.000005,5,1B,Topázio,Escola Pública,0.2
11,2,0.0,7.201112666666667,8.500020000000001,2025-08-02 00:00:00,5,2025-07-05 00:00:00,6.666666666666667,7.722219999999999,5,1R,Ágata,Escola Pública,0.18181818181818182
nan,nan,,nan,nan,nan,nan,nan,nan,nan,nan,nan,nan,nan,
11,1,0.0,7.963542166666667,6.24999,9,2025-07-05 00:00:00,6.333333333333333,7.96875,8.6250075,10,3B,Ametista,Rede Decisão/União,0.09090909090909091
nan,nan,,nan,nan,nan,nan,nan,nan,nan,nan,nan,nan,nan,
12,0,0.0,8.193334333333334,8.75001,2025-08-03 00:00:00,2025-07-05 00:00:00,7.333333333333333,8.749999999999998,7.833333333333334,10,3C,Ametista,Escola Pública,0.0
12,2,0.0,7.0419453333333335,8.000020000000001,2025-08-08 00:00:00,2025-07-05 00:00:00,2025-05-05 00:00:00,6.875,7.222216666666665,5,2C,Ágata,Escola Pública,0.16666666666666666
nan,nan,,nan,nan,nan,nan,nan,nan,nan,nan,nan,nan,nan,
12,2,0.0,7.648612,9.500020000000001,2025-09-05 00:00:00,5,2025-08-05 00:00:00,6.875,7.055549999999999,5,2G,Ametista,Escola Pública,0.16666666666666666
11,1,0.0,5.8327085,7.91667,2025-05-07 00:00:00,2025-07-05 00:00:00,0,7.34375,7.0833325,10,3B,Quartzo,Escola Pública,0.09090909090909091
12,1,0.0,7.432918,9.500020000000001,2025-08-03 00:00:00,6.875,7,7.1875,7.58333,5,2M,Ametista,Escola Pública,0.08333333333333333
14,1,0.0,7.7379188333333335,9.58335,2025-07-02 00:00:00,5,7.666666666666667,8125-07-01 00:00:00,7.6250025,10,4E,Ametista,Escola Pública,0.07142857142857142
9,1,0.0,7.263334,9.500020000000001,2025-09-09 00:00:00,2025-02-05 00:00:00,10,2025-02-05 00:00:00,6.66666,5,0D,Ágata,Escola Pública,0.1111111111111111
14,2,1.0,8.448612666666666,8.33334,10,2025-07-05 00:00:00,8.666666666666666,8.541666666666666,8.888893333333332,5,3C,Ametista,Escola Pública,0.14285714285714285
nan,nan,,nan,nan,nan,nan,nan,nan,nan,nan,nan,nan,nan,
nan,nan,,nan,nan,nan,nan,nan,nan,nan,nan,nan,nan,nan,
10,1,0.0,7.708752,9.500020000000001,2025-08-07 00:00:00,2025-07-05 00:00:00,2025-07-05 00:00:00,7.1875,7.75,5,1D,Ametista,Escola Pública,0.1
13,1,0.0,7.012085000000001,8.000020000000001,2025-07-08 00:00:00,5,2025-07-25 00:00:00,7.1875,7.416665,5,1D,Ágata,Escola Pública,0.07692307692307693
nan,nan,,nan,nan,nan,nan,nan,nan,nan,nan,nan,nan,nan,
nan,nan,,nan,nan,nan,nan,nan,nan,nan,nan,nan,nan,nan,
nan,nan,,nan,nan,nan,nan,nan,nan,nan,nan,nan,nan,nan,
10,1,0.0,6.964446,8.000020000000001,2025-08-06 00:00:00,2025-07-05 00:00:00,5,2025-07-05 00:00:00,7.222219999999999,5,1N,Ágata,Escola Pública,0.1
13,3,0.0,7.735417,7.91667,2025-07-05 00:00:00,5,8,4375-08-01 00:00:00,2025-07-05 00:00:00,10,3L,Ametista,Escola Pública,0.23076923076923078
9,1,0.0,7.31667,9.000020000000001,10,2025-07-05 00:00:00,10,2025-02-05 00:00:00,4.58334,5,0H,Ametista,Escola Pública,0.1111111111111111
10,2,0.0,7.7897240000000005,9.000020000000001,2025-09-09 00:00:00,3.75,2025-05-05 00:00:00,8.125,8.11111,10,2N,Ametista,Rede Decisão/União,0.2
9,1,1.0,8.942503,8.000020000000001,2025-09-04 00:00:00,2025-07-05 00:00:00,2025-09-05 00:00:00,8.125,9.000005,10,1B,Topázio,Escola Pública,0.1111111111111111
nan,nan,,nan,nan,nan,nan,nan,nan,nan,nan,nan,nan,nan,
14,2,0.0,6.502500333333334,9.58335,2025-03-07 00:00:00,2025-07-05 00:00:00,5.333333333333333,8.541666666666666,5.666659999999999,10,4L,Ágata,Escola Pública,0.14285714285714285
nan,nan,,nan,nan,nan,nan,nan,nan,nan,nan,nan,nan,nan,
nan,nan,,nan,nan,nan,nan,nan,nan,nan,nan,nan,nan,nan,
11,4,0.0,6.053335000000001,8.000020000000001,2025-09-01 00:00:00,5,2025-04-05 00:00:00,2025-02-05 00:00:00,6.416665,5,1B,Quartzo,Rede Decisão/União,0.36363636363636365
11,1,0.0,8.238891333333333,9.500020000000001,2025-09-05 00:00:00,2025-07-05 00:00:00,2025-07-05 00:00:00,9.166666666666666,8.611113333333334,5,1R,Ametista,Escola Pública,0.09090909090909091
11,1,1.0,9.687504,10.000020000000001,10,10,9,9.375,9.75001,10,3L,Topázio,Rede Decisão/União,0.09090909090909091
nan,nan,,nan,nan,nan,nan,nan,nan,nan,nan,nan,nan,nan,
8,0,0.0,8.631250000000001,9.000020000000001,10,2025-07-05 00:00:00,9,8125-07-01 00:00:00,6.99999,10,0C,Topázio,Escola Pública,0.0
nan,nan,,nan,nan,nan,nan,nan,nan,nan,nan,nan,nan,nan,
nan,nan,,nan,nan,nan,nan,nan,nan,nan,nan,nan,nan,nan,
11,2,1.0,9.040420000000001,10.000020000000001,2025-09-04 00:00:00,2025-07-05 00:00:00,2025-09-05 00:00:00,9375-05-01 00:00:00,9.58334,10,2D,Topázio,Rede Decisão/União,0.18181818181818182
nan,nan,,nan,nan,nan,nan,nan,nan,nan,nan,nan,nan,nan,
nan,nan,,nan,nan,nan,nan,nan,nan,nan,nan,nan,nan,nan,
nan,nan,,nan,nan,nan,nan,nan,nan,nan,nan,nan,nan,nan,
11,2,0.0,7.495419,8.500020000000001,2025-09-03 00:00:00,2025-07-05 00:00:00,2025-06-05 00:00:00,7.1875,7.583335,5,1A,Ametista,Escola Pública,0.18181818181818182
11,0,0.0,8.043751,7.9166799999999995,2025-08-05 00:00:00,2025-07-05 00:00:00,10,7.1875,7.916665,5,1M,Ametista,Escola Pública,0.0
15,1,0.0,7.336876333333333,9.58335,2025-08-02 00:00:00,2025-07-05 00:00:00,6.666666666666667,7.96875,6.791665,5,3A,Ametista,Escola Pública,0.06666666666666667
nan,nan,,nan,nan,nan,nan,nan,nan,nan,nan,nan,nan,nan,
nan,nan,,nan,nan,nan,nan,nan,nan,nan,nan,nan,nan,nan,
nan,nan,,nan,nan,nan,nan,nan,nan,nan,nan,nan,nan,nan,
10,1,1.0,8.700003,10.000020000000001,2025-09-05 00:00:00,2025-07-05 00:00:00,10,2025-07-05 00:00:00,9.000005,5,1D,Topázio,Escola Pública,0.1
nan,nan,,nan,nan,nan,nan,nan,nan,nan,nan,nan,nan,nan,
11,0,0.0,8.032502000000001,9.500020000000001,2025-08-01 00:00:00,2025-07-05 00:00:00,9,8.125,8,5,1F,Ametista,Escola Pública,0.0
15,1,1.0,9.219448333333334,9.583350000000001,10,10,9.333333333333334,9.166666666666666,8889-09-01 00:00:00,5,4A,Topázio,Rede Decisão/União,0.06666666666666667
nan,nan,,nan,nan,nan,nan,nan,nan,nan,nan,nan,nan,nan,
nan,nan,,nan,nan,nan,nan,nan,nan,nan,nan,nan,nan,nan,
nan,nan,,nan,nan,nan,nan,nan,nan,nan,nan,nan,nan,nan,
nan,nan,,nan,nan,nan,nan,nan,nan,nan,nan,nan,nan,nan,
16,4,0.0,4.328750666666667,9.58335,0.8,3.125,1.3333333333333333,8125-07-01 00:00:00,6.749995,5,5G,Quartzo,Escola Pública,0.25
nan,nan,,nan,nan,nan,nan,nan,nan,nan,nan,nan,nan,nan,
10,0,0.0,8.263334666666667,9.500020000000001,2025-09-04 00:00:00,2025-07-05 00:00:00,10,2025-07-05 00:00:00,7.166663333333332,5,1C,Ametista,Escola Pública,0.0
9,1,0.0,7.79167,9.500020000000001,10,2025-06-25 00:00:00,2025-09-05 00:00:00,2025-02-05 00:00:00,7.83334,5,0D,Ametista,Escola Pública,0.1111111111111111
16,1,0.0,7.771876666666667,9.16668,2025-08-05 00:00:00,2025-07-05 00:00:00,4.833333333333333,7.96875,8.208335,10,6A,Ametista,Escola Pública,0.0625
16,0,0.0,7.008611666666667,7.08333,2025-08-08 00:00:00,5.625,5.333333333333333,8.333333333333334,7.888893333333335,5,5B,Ágata,Escola Pública,0.0
9,1,0.0,7.6499999999999995,9.500020000000001,10,2025-07-05 00:00:00,9,2025-02-05 00:00:00,6.99999,5,0H,Ametista,Escola Pública,0.1111111111111111
13,2,0.0,7.361390666666666,8.500020000000001,2025-08-03 00:00:00,2025-07-05 00:00:00,2025-06-05 00:00:00,6.458333333333334,8.277776666666666,5,2J,Ametista,Rede Decisão/União,0.15384615384615385
nan,nan,,nan,nan,nan,nan,nan,nan,nan,nan,nan,nan,nan,
nan,nan,,nan,nan,nan,nan,nan,nan,nan,nan,nan,nan,nan,
nan,nan,,nan,nan,nan,nan,nan,nan,nan,nan,nan,nan,nan,
7,0,0.0,8.71667,10.000020000000001,10,2025-07-05 00:00:00,2025-08-05 00:00:00,2025-07-05 00:00:00,7.58334,10,0C,Topázio,Escola Pública,0.0
8,0,1.0,9.166669,9.000020000000001,10,2025-07-05 00:00:00,10,2025-07-05 00:00:00,8.833335,10,0B,Topázio,Escola Pública,0.0
13,2,0.0,8.179167666666668,8.75001,2025-08-05 00:00:00,2025-07-05 00:00:00,6.666666666666667,8.541666666666666,8.333333333333334,10,4L,Ametista,Escola Pública,0.15384615384615385
11,1,0.0,8.788613333333334,9.500020000000001,2025-09-07 00:00:00,6.875,9,8.333333333333334,7.888890000000001,10,2N,Topázio,Escola Pública,0.09090909090909091
nan,nan,,nan,nan,nan,nan,nan,nan,nan,nan,nan,nan,nan,
11,1,0.0,7.682224000000001,9.000020000000001,2025-06-03 00:00:00,2025-07-05 00:00:00,10,2025-07-05 00:00:00,7.61111,5,1R,Ametista,Escola Pública,0.09090909090909091
nan,nan,,nan,nan,nan,nan,nan,nan,nan,nan,nan,nan,nan,
nan,nan,,nan,nan,nan,nan,nan,nan,nan,nan,nan,nan,nan,
11,1,0.0,7.393334666666667,8.41668,2025-08-03 00:00:00,2025-07-05 00:00:00,8,5.416666666666666,2025-07-05 00:00:00,5,1J,Ametista,Escola Pública,0.09090909090909091
13,2,0.0,7.766252,9.500020000000001,2025-06-08 00:00:00,2025-07-05 00:00:00,10,5625-06-01 00:00:00,7.75,5,1G,Ametista,Escola Pública,0.15384615384615385
11,0,0.0,7.965557333333334,9.000020000000001,2025-08-08 00:00:00,6.875,9,7.291666666666667,7.944443333333333,5,1K,Ametista,Escola Pública,0.0
13,1,0.0,7.046043,9.58335,2025-08-01 00:00:00,2025-06-25 00:00:00,4,7.34375,6.541665,10,3B,Ágata,Escola Pública,0.07692307692307693
8,0,0.0,8.750001000000001,9.000020000000001,10,10,2025-08-05 00:00:00,2025-07-05 00:00:00,6.999995,10,0B,Topázio,Escola Pública,0.0
nan,nan,,nan,nan,nan,nan,nan,nan,nan,nan,nan,nan,nan,
10,2,0.0,7.561112,8.500020000000001,6,2025-07-05 00:00:00,10,2025-07-05 00:00:00,7.555549999999998,5,1E,Ametista,Escola Pública,0.2
nan,nan,,nan,nan,nan,nan,nan,nan,nan,nan,nan,nan,nan,
14,2,0.0,6.448887666666667,7.91667,2025-06-08 00:00:00,4.375,5.333333333333333,7.708333333333334,7.611103333333333,5,3H,Ágata,Escola Pública,0.14285714285714285
10,1,0.0,7,8.500020000000001,10,5,2025-09-05 00:00:00,2025-02-05 00:00:00,4.99999,5,0G,Ágata,Escola Pública,0.1
nan,nan,,nan,nan,nan,nan,nan,nan,nan,nan,nan,nan,nan,
15,4,0.0,5.934999666666666,2025-07-05 00:00:00,2025-05-03 00:00:00,5,6.333333333333333,2025-06-25 00:00:00,6.166665,5,4F,Quartzo,Rede Decisão/União,0.26666666666666666
16,0,1.0,8.195835666666667,8.75001,2025-07-05 00:00:00,9.375,8,9.166666666666666,9.33334,5,5A,Ametista,Escola Pública,0.0
nan,nan,,nan,nan,nan,nan,nan,nan,nan,nan,nan,nan,nan,
10,2,0.0,8.450835333333334,9.000020000000001,2025-09-04 00:00:00,8.125,2025-09-05 00:00:00,7.916666666666668,8.333333333333334,5,1N,Ametista,Rede Decisão/União,0.2
16,2,0.0,7.311667166666667,8.33334,2025-07-01 00:00:00,2025-06-25 00:00:00,5.833333333333333,2025-07-05 00:00:00,7.5833325,10,6B,Ametista,Rede Decisão/União,0.125
10,1,0.0,7.671946,7.4166799999999995,2025-09-02 00:00:00,2025-07-05 00:00:00,2025-07-05 00:00:00,7.291666666666667,8.055556666666668,5,1N,Ametista,Escola Pública,0.1
nan,nan,,nan,nan,nan,nan,nan,nan,nan,nan,nan,nan,nan,
16,1,0.0,7.131667,2025-07-05 00:00:00,2025-08-07 00:00:00,5.625,3,8.125,8.333335,10,6B,Ágata,Escola Pública,0.0625
10,1,0.0,7.812502,8.000020000000001,2025-09-05 00:00:00,2025-07-05 00:00:00,2025-07-05 00:00:00,8.125,7.75,5,1D,Ametista,Escola Pública,0.1
9,0,0.0,8.118335333333334,9.500020000000001,2025-08-08 00:00:00,2025-07-05 00:00:00,7,7.916666666666668,7.333333333333333,10,1C,Ametista,Escola Pública,0.0
9,2,0.0,7.917778666666665,9.500020000000001,2025-09-02 00:00:00,5.625,8,5.208333333333333,7.222216666666665,10,1J,Ametista,Escola Pública,0.2222222222222222
nan,nan,,nan,nan,nan,nan,nan,nan,nan,nan,nan,nan,nan,
16,2,0.0,6.113055666666667,7.91667,2025-05-06 00:00:00,2025-07-05 00:00:00,3.6666666666666665,7.291666666666667,7.444443333333334,5,5A,Ágata,Escola Pública,0.125
12,2,0.0,7.482502,8.500020000000001,2025-08-01 00:00:00,2025-07-05 00:00:00,7,8.125,7.75,5,1G,Ametista,Escola Pública,0.16666666666666666
11,1,0.0,8.677223999999999,9.500020000000001,2025-09-04 00:00:00,6.875,9,7.708333333333334,7.944443333333333,10,2F,Topázio,Escola Pública,0.09090909090909091
8,0,0.0,7.675002000000001,9.000020000000001,10,2025-06-25 00:00:00,9,2025-02-05 00:00:00,2025-05-05 00:00:00,10,0H,Ametista,Escola Pública,0.0
10,1,0.0,7.816668666666667,8.500020000000001,2025-09-05 00:00:00,2025-07-05 00:00:00,2025-07-05 00:00:00,2025-07-05 00:00:00,7.833333333333333,5,1J,Ametista,Escola Pública,0.1
nan,nan,,nan,nan,nan,nan,nan,nan,nan,nan,nan,nan,nan,
12,1,0.0,6.254445333333334,9.16668,2025-02-08 00:00:00,2025-07-05 00:00:00,3.6666666666666665,2025-07-05 00:00:00,7.72222,10,3F,Ágata,Escola Pública,0.08333333333333333
11,4,0.0,5.032083,0,2025-07-09 00:00:00,3.125,0,5625-06-01 00:00:00,7.416665,10,2M,Quartzo,Escola Pública,0.36363636363636365
10,1,1.0,8.590003000000001,9.000020000000001,2025-09-07 00:00:00,6.875,2025-09-05 00:00:00,8.125,9.250005,5,1A,Topázio,Escola Pública,0.1
nan,nan,,nan,nan,nan,nan,nan,nan,nan,nan,nan,nan,nan,
17,2,0.0,6.893959333333333,6.25001,2025-07-06 00:00:00,5.625,4.666666666666667,7.03125,7.75,10,7B,Ágata,Escola Pública,0.11764705882352941
nan,nan,,nan,nan,nan,nan,nan,nan,nan,nan,nan,nan,nan,
9,1,0.0,5.854169000000001,7.4166799999999995,10,5.625,2025-05-05 00:00:00,2025-02-05 00:00:00,3.500005,5,0G,Quartzo,Escola Pública,0.1111111111111111
15,4,0.0,7.9133346666666675,8.33334,2025-08-04 00:00:00,5,7.333333333333333,8.333333333333334,8.000003333333334,10,5B,Ametista,Rede Decisão/União,0.26666666666666666
14,1,0.0,4.4162505,6.66667,2025-01-03 00:00:00,4.375,0,7.1875,6.6666675,10,5F,Quartzo,Escola Pública,0.07142857142857142
13,1,1.0,9.461114666666667,9.16668,10,9.375,8.666666666666666,8.958333333333332,8889-09-01 00:00:00,10,4A,Topázio,Escola Pública,0.07692307692307693
16,4,0.0,7.297778666666666,9.16668,2025-09-01 00:00:00,2025-07-05 00:00:00,5.333333333333333,8.333333333333332,7.055553333333334,5,5B,Ametista,Rede Decisão/União,0.25
15,4,1.0,8.069793166666667,8.75001,9,4.375,6.333333333333333,8.90625,9.0000025,10,5G,Ametista,Rede Decisão/União,0.26666666666666666
15,3,0.0,8.233335,8.75001,8,8.75,6.333333333333333,9.166666666666666,8.500003333333334,10,5B,Ametista,Escola Pública,0.2
14,0,0.0,5.591389333333334,9.16668,2025-05-02 00:00:00,2025-07-05 00:00:00,1.6666666666666667,7.291666666666667,6.611106666666666,5,3R,Quartzo,Escola Pública,0.0
10,1,0.0,7.741390666666668,9.000020000000001,2025-09-07 00:00:00,2025-07-05 00:00:00,2025-04-05 00:00:00,7.291666666666667,7.61111,10,2N,Ametista,Escola Pública,0.1
16,2,0.0,5.065416,2025-07-05 00:00:00,2025-01-09 00:00:00,2025-07-05 00:00:00,3,7.1875,6.83333,5,5F,Quartzo,Escola Pública,0.125
nan,nan,,nan,nan,nan,nan,nan,nan,nan,nan,nan,nan,nan,
12,2,0.0,7.698890666666667,8.500020000000001,2025-09-03 00:00:00,6.875,7,8.125,7.944443333333334,5,2C,Ametista,Escola Pública,0.16666666666666666
13,3,1.0,8.167711833333334,10.000020000000001,9,2025-07-05 00:00:00,4.666666666666667,8.59375,9.125007499999999,10,4F,Ametista,Rede Decisão/União,0.23076923076923078
15,0,0.0,6.824446333333334,8.75001,2025-07-04 00:00:00,2025-07-05 00:00:00,3.6666666666666665,8.749999999999998,8.055560000000002,5,4B,Ágata,Escola Pública,0.0
nan,nan,,nan,nan,nan,nan,nan,nan,nan,nan,nan,nan,nan,
12,3,0.0,7.912085,9.000020000000001,2025-08-08 00:00:00,2025-07-05 00:00:00,9,7.1875,7.416665,5,1G,Ametista,Escola Pública,0.25
nan,nan,,nan,nan,nan,nan,nan,nan,nan,nan,nan,nan,nan,
nan,nan,,nan,nan,nan,nan,nan,nan,nan,nan,nan,nan,nan,
14,0,0.0,8.080835,9.583350000000001,2025-08-08 00:00:00,2025-07-05 00:00:00,8.666666666666666,8.125,7.833333333333334,5,3J,Ametista,Escola Pública,0.0
10,0,0.0,7.187502,9.000020000000001,9,2025-07-05 00:00:00,5,7.708333333333334,7.333333333333333,5,1C,Ágata,Escola Pública,0.0
10,0,0.0,8.032085,8.000020000000001,2025-08-09 00:00:00,2025-07-05 00:00:00,2025-09-05 00:00:00,7.1875,7.916665,5,1M,Ametista,Escola Pública,0.0
nan,nan,,nan,nan,nan,nan,nan,nan,nan,nan,nan,nan,nan,
12,3,0.0,6.816668000000001,9.000020000000001,8,5,6,2025-07-05 00:00:00,6.83333,5,2E,Ágata,Escola Pública,0.25
nan,nan,,nan,nan,nan,nan,nan,nan,nan,nan,nan,nan,nan,
8,1,0.0,8.418752000000001,9.000020000000001,8,2025-07-05 00:00:00,2025-09-05 00:00:00,7.1875,7.75,10,1A,Ametista,Escola Pública,0.125
13,2,1.0,7.842224333333333,7.91667,2025-07-01 00:00:00,6.875,6.333333333333333,8.541666666666666,9.11112,10,3R,Ametista,Escola Pública,0.15384615384615385
nan,nan,,nan,nan,nan,nan,nan,nan,nan,nan,nan,nan,nan,
nan,nan,,nan,nan,nan,nan,nan,nan,nan,nan,nan,nan,nan,
11,2,0.0,8.688544833333335,10.000020000000001,2025-09-05 00:00:00,2025-07-05 00:00:00,7.666666666666667,7.96875,8.5416725,10,3B,Topázio,Rede Decisão/União,0.18181818181818182
7,0,0.0,8.958334,8.91668,10,10,10,2025-07-05 00:00:00,6.58333,10,0B,Topázio,Escola Pública,0.0
11,4,0.0,8.133752000000001,9.000020000000001,2025-09-02 00:00:00,5.625,8,3125-05-01 00:00:00,2025-08-05 00:00:00,10,2B,Ametista,Rede Decisão/União,0.36363636363636365
14,2,0.0,6.064722,9.16668,2025-05-09 00:00:00,3.75,5,7.708333333333334,6.611103333333333,5,3E,Quartzo,Escola Pública,0.14285714285714285
13,2,0.0,5.648752,8.000020000000001,2025-07-09 00:00:00,5,2025-01-25 00:00:00,6875-04-01 00:00:00,7.75,5,2H,Quartzo,Escola Pública,0.15384615384615385
12,2,0.0,8.081669333333334,9.000020000000001,2025-09-07 00:00:00,5,9,8.749999999999998,7.833336666666668,5,2P,Ametista,Escola Pública,0.16666666666666666
nan,nan,,nan,nan,nan,nan,nan,nan,nan,nan,nan,nan,nan,
nan,nan,,nan,nan,nan,nan,nan,nan,nan,nan,nan,nan,nan,
nan,nan,,nan,nan,nan,nan,nan,nan,nan,nan,nan,nan,nan,
10,1,0.0,7.550001,8.500020000000001,10,5,2025-09-05 00:00:00,2025-02-05 00:00:00,7.749995,5,0A,Ametista,Escola Pública,0.1
8,1,0.0,8.308336,9.000020000000001,10,4.375,9,6.875,7.41667,10,0D,Ametista,Escola Pública,0.125
14,1,0.0,7.424375833333333,7.08334,2025-06-02 00:00:00,6.875,7.666666666666667,7.96875,7.2916675,10,4E,Ametista,Escola Pública,0.07142857142857142
nan,nan,,nan,nan,nan,nan,nan,nan,nan,nan,nan,nan,nan,
13,3,1.0,7.974724666666667,8.33334,2025-09-07 00:00:00,2025-07-05 00:00:00,3.8333333333333335,8.958333333333332,8.944453333333334,10,4B,Ametista,Escola Pública,0.23076923076923078
12,1,0.0,7.543335000000001,8.000020000000001,2025-08-03 00:00:00,2025-07-05 00:00:00,2025-07-05 00:00:00,2025-07-05 00:00:00,7.916665,5,2M,Ametista,Escola Pública,0.08333333333333333
9,1,0.0,8.116390666666666,9.500020000000001,2025-06-02 00:00:00,2025-07-05 00:00:00,10,6.875,7.444443333333333,10,1N,Ametista,Escola Pública,0.1111111111111111
10,1,0.0,8.341669000000001,10.000020000000001,2025-09-05 00:00:00,2025-07-05 00:00:00,7,2025-06-25 00:00:00,8.333335,10,2B,Ametista,Escola Pública,0.1
8,0,0.0,8.885835,9.000020000000001,2025-09-02 00:00:00,2025-07-05 00:00:00,10,8.125,7.916665,10,1M,Topázio,Escola Pública,0.0
15,2,0.0,5.397779,7.91667,2025-04-06 00:00:00,2025-07-05 00:00:00,0,7.916666666666668,8.222226666666668,5,4A,Quartzo,Escola Pública,0.13333333333333333
12,2,0.0,6.908335000000001,9.000020000000001,2025-06-05 00:00:00,4.375,2025-07-05 00:00:00,6.875,7.916665,5,1M,Ágata,Escola Pública,0.16666666666666666
13,4,0.0,8.008612333333332,9.58335,2025-08-08 00:00:00,5,7.666666666666667,8.125,7.222219999999999,10,3E,Ametista,Escola Pública,0.3076923076923077
nan,nan,,nan,nan,nan,nan,nan,nan,nan,nan,nan,nan,nan,
14,3,0.0,7.819792333333333,7.91667,2025-08-05 00:00:00,2025-07-05 00:00:00,5.166666666666667,8.28125,8.583335,10,6A,Ametista,Rede Decisão/União,0.21428571428571427
9,0,0.0,8.537502,8.500020000000001,8,2025-07-05 00:00:00,10,7.708333333333334,7.833333333333333,10,1K,Topázio,Escola Pública,0.0
8,0,0.0,9.316669000000001,9.000020000000001,10,10,10,2025-07-05 00:00:00,8.333335,10,0C,Topázio,Escola Pública,0.0
10,1,0.0,7.745836000000001,9.000020000000001,10,5.625,10,2025-02-05 00:00:00,7.66667,5,0D,Ametista,Escola Pública,0.1
11,1,0.0,7.599446,9.500020000000001,2025-07-04 00:00:00,2025-06-25 00:00:00,2025-08-05 00:00:00,5,6.72222,10,2J,Ametista,Escola Pública,0.09090909090909091
16,3,1.0,8.927781333333334,10.000020000000001,10,10,7.666666666666667,9.166666666666666,9.888896666666668,5,4A,Topázio,Rede Decisão/União,0.1875
17,4,0.0,7.679582333333333,2025-07-05 00:00:00,2025-09-07 00:00:00,6.875,6.666666666666667,4375-08-01 00:00:00,8.124995,5,5F,Ametista,Rede Decisão/União,0.23529411764705882
10,0,1.0,9.200004,9.500020000000001,10,2025-07-05 00:00:00,10,10,10.00001,5,0C,Topázio,Escola Pública,0.0
9,2,0.0,8.673890666666669,9.500020000000001,2025-08-08 00:00:00,2025-07-05 00:00:00,2025-09-05 00:00:00,7.916666666666668,7.61111,10,1H,Topázio,Escola Pública,0.2222222222222222
nan,nan,,nan,nan,nan,nan,nan,nan,nan,nan,nan,nan,nan,
nan,nan,,nan,nan,nan,nan,nan,nan,nan,nan,nan,nan,nan,
7,0,0.0,8.783335000000001,8.500020000000001,10,2025-07-05 00:00:00,10,2025-07-05 00:00:00,7.166665,10,0A,Topázio,Escola Pública,0.0
12,1,1.0,8.925003,9.583350000000001,2025-09-05 00:00:00,2025-06-25 00:00:00,8.333333333333334,8.749999999999998,9.500006666666668,10,3C,Topázio,Escola Pública,0.08333333333333333
10,1,0.0,8.035278666666667,9.000020000000001,2025-09-01 00:00:00,5,8,7.708333333333334,7.222216666666665,10,2F,Ametista,Rede Decisão/União,0.1
15,2,0.0,7.137293833333334,9.58335,2025-05-09 00:00:00,2025-07-05 00:00:00,7.666666666666667,7.65625,7.2500025,5,3A,Ágata,Escola Pública,0.13333333333333333
12,3,0.0,7.526252,8.000020000000001,2025-09-01 00:00:00,2025-06-25 00:00:00,2025-07-05 00:00:00,8125-07-01 00:00:00,2025-07-05 00:00:00,5,2D,Ametista,Escola Pública,0.25
nan,nan,,nan,nan,nan,nan,nan,nan,nan,nan,nan,nan,nan,
13,2,0.0,7.360557333333334,8.500020000000001,2025-08-09 00:00:00,2025-07-05 00:00:00,6,7.916666666666668,7.444443333333333,5,2C,Ametista,Escola Pública,0.15384615384615385
9,0,0.0,8.734168,7.4166799999999995,2025-09-04 00:00:00,2025-07-05 00:00:00,10,8.125,7.75,10,1G,Topázio,Escola Pública,0.0
10,1,0.0,8.428752,10.000020000000001,2025-09-08 00:00:00,2025-07-05 00:00:00,10,7.1875,2025-07-05 00:00:00,5,0D,Ametista,Escola Pública,0.1
11,1,0.0,8.776947333333334,9.000020000000001,2025-09-06 00:00:00,2025-07-05 00:00:00,2025-08-05 00:00:00,8.958333333333332,8.055560000000002,10,2P,Topázio,Escola Pública,0.09090909090909091
12,0,0.0,7.886668666666667,9.500020000000001,2025-09-06 00:00:00,2025-07-05 00:00:00,7,8.333333333333334,7.666666666666667,5,2P,Ametista,Escola Pública,0.0
15,3,1.0,8.396044333333334,9.58335,2025-09-06 00:00:00,5,6.666666666666667,8.59375,9.125005000000002,10,5G,Ametista,Rede Decisão/União,0.2
nan,nan,,nan,nan,nan,nan,nan,nan,nan,nan,nan,nan,nan,
nan,nan,,nan,nan,nan,nan,nan,nan,nan,nan,nan,nan,nan,
11,1,0.0,4.3272233333333325,8.000020000000001,0.9,2025-07-05 00:00:00,0,7.083333333333334,6.944439999999998,5,1R,Quartzo,Escola Pública,0.09090909090909091
14,2,0.0,6825-05-01 00:00:00,10.000020000000001,2025-06-06 00:00:00,5,4.166666666666667,5.625,4.833323333333333,5,3H,Quartzo,Escola Pública,0.14285714285714285
13,0,0.0,8.516877,9.16668,2025-09-06 00:00:00,2025-07-05 00:00:00,8,7.96875,7.66667,10,3B,Topázio,Escola Pública,0.0
13,1,0.0,6.484720666666667,6.66666,5,2025-07-05 00:00:00,3.3333333333333335,8.125,7.94444,10,3R,Ágata,Escola Pública,0.07692307692307693
nan,nan,,nan,nan,nan,nan,nan,nan,nan,nan,nan,nan,nan,
13,4,0.0,8.325834666666669,9.16668,2025-09-04 00:00:00,2025-07-05 00:00:00,6.666666666666667,8.125,8.166666666666668,10,3F,Ametista,Escola Pública,0.3076923076923077
nan,nan,,nan,nan,nan,nan,nan,nan,nan,nan,nan,nan,nan,
14,1,1.0,8.302779666666668,8.75001,10,4.375,8.333333333333334,9.791666666666666,9.222226666666666,5,3C,Ametista,Escola Pública,0.07142857142857142
14,2,0.0,7.000417666666667,9.16668,2025-04-02 00:00:00,2025-07-05 00:00:00,6.333333333333333,4375-08-01 00:00:00,6.916665,10,4F,Ágata,Escola Pública,0.14285714285714285
8,1,0.0,8.78125,9.500020000000001,10,2025-07-05 00:00:00,10,8125-07-01 00:00:00,6.49999,10,0G,Topázio,Escola Pública,0.125
14,2,0.0,7.275557333333333,8.33334,2025-06-06 00:00:00,5,6,8.333333333333332,7.944450000000002,10,4L,Ágata,Escola Pública,0.14285714285714285
11,1,0.0,7.510557333333334,9.500020000000001,2025-08-09 00:00:00,9.375,2025-01-05 00:00:00,8.541666666666666,8.444443333333332,10,2R,Ametista,Escola Pública,0.09090909090909091
14,1,0.0,7.718541500000001,7.08333,2025-09-04 00:00:00,2025-07-05 00:00:00,8,7.96875,7.4166675,5,3L,Ametista,Escola Pública,0.07142857142857142
17,3,1.0,6.878125166666666,0,9,2025-07-05 00:00:00,6.333333333333333,8.28125,8.666667499999999,5,6C,Ágata,Rede Decisão/União,0.17647058823529413
nan,nan,,nan,nan,nan,nan,nan,nan,nan,nan,nan,nan,nan,
nan,nan,,nan,nan,nan,nan,nan,nan,nan,nan,nan,nan,nan,
16,0,0.0,7.251668666666667,9.16668,2025-08-08 00:00:00,2025-07-05 00:00:00,6.333333333333333,2025-07-05 00:00:00,7.79167,2025-02-05 00:00:00,3A,Ágata,Escola Pública,0.0
13,3,1.0,9.098615,9.58335,10,10,7,8.958333333333332,9.222233333333334,10,4B,Topázio,Rede Decisão/União,0.23076923076923078
11,1,0.0,7.804168000000001,7.4166799999999995,8,6.875,10,7.083333333333334,7.833333333333333,5,1J,Ametista,Escola Pública,0.09090909090909091
nan,nan,,nan,nan,nan,nan,nan,nan,nan,nan,nan,nan,nan,
9,1,0.0,7.709168666666667,9.000020000000001,2025-09-09 00:00:00,2025-07-05 00:00:00,2025-03-05 00:00:00,8.125,7.833333333333333,10,2G,Ametista,Escola Pública,0.1111111111111111
9,1,1.0,8.586392000000002,9.500020000000001,2025-09-03 00:00:00,2025-07-05 00:00:00,7,7.708333333333334,9.277783333333334,10,2F,Topázio,Escola Pública,0.1111111111111111
15,3,0.0,6.004582666666666,6.25001,2025-06-07 00:00:00,4.375,4.333333333333333,7.1875,5.083325,10,5G,Quartzo,Escola Pública,0.2
nan,nan,,nan,nan,nan,nan,nan,nan,nan,nan,nan,nan,nan,
14,2,0.0,8.137224,9.16668,2025-09-07 00:00:00,2025-07-05 00:00:00,7.333333333333333,8.749999999999998,8.444446666666668,5,3C,Ametista,Escola Pública,0.14285714285714285
14,3,1.0,8.332223666666668,7.08333,2025-08-03 00:00:00,5,9,8.749999999999998,8.944453333333334,10,4B,Ametista,Rede Decisão/União,0.21428571428571427
9,2,0.0,8.257224,10.000020000000001,2025-08-03 00:00:00,2025-07-05 00:00:00,2025-07-05 00:00:00,7.916666666666668,7.777776666666667,10,1H,Ametista,Escola Pública,0.2222222222222222
nan,nan,,nan,nan,nan,nan,nan,nan,nan,nan,nan,nan,nan,
nan,nan,,nan,nan,nan,nan,nan,nan,nan,nan,nan,nan,nan,
nan,nan,,nan,nan,nan,nan,nan,nan,nan,nan,nan,nan,nan,
nan,nan,,nan,nan,nan,nan,nan,nan,nan,nan,nan,nan,nan,
12,2,0.0,8.018889999999999,9.500020000000001,2025-08-04 00:00:00,5.625,10,7.708333333333334,7.777773333333332,5,1E,Ametista,Escola Pública,0.16666666666666666
14,4,1.0,8.188612666666666,8.33334,2025-09-02 00:00:00,5.625,6.666666666666667,8.749999999999998,8.722226666666666,10,4L,Ametista,Rede Decisão/União,0.2857142857142857
nan,nan,,nan,nan,nan,nan,nan,nan,nan,nan,nan,nan,nan,
nan,nan,,nan,nan,nan,nan,nan,nan,nan,nan,nan,nan,nan,
12,2,0.0,7.463612666666667,8.500020000000001,2025-08-07 00:00:00,5,2025-07-05 00:00:00,7.291666666666667,8.22222,5,2R,Ametista,Escola Pública,0.16666666666666666
14,3,0.0,7.580834333333334,7.91667,2025-06-03 00:00:00,6.875,7,8.749999999999998,7.833336666666668,10,4A,Ametista,Escola Pública,0.21428571428571427
11,1,0.0,7.832084999999999,9.500020000000001,2025-07-09 00:00:00,8.75,5,4375-08-01 00:00:00,7.916665,10,2M,Ametista,Escola Pública,0.09090909090909091
11,2,0.0,8.473890666666668,9.000020000000001,2025-08-08 00:00:00,2025-07-05 00:00:00,2025-08-05 00:00:00,7.083333333333333,8.277776666666666,10,2J,Ametista,Rede Decisão/União,0.18181818181818182
11,3,0.0,7.285002,9.000020000000001,2025-08-08 00:00:00,2025-06-25 00:00:00,2025-09-05 00:00:00,2025-02-05 00:00:00,6.75,5,1G,Ametista,Escola Pública,0.2727272727272727
10,2,0.0,8.647224666666666,8.500020000000001,2025-08-05 00:00:00,10,10,8.75,8.611113333333334,5,1E,Topázio,Escola Pública,0.2
8,1,0.0,8.955835,9.500020000000001,2025-09-08 00:00:00,2025-07-05 00:00:00,10,8.125,7.416665,10,0D,Topázio,Escola Pública,0.125
nan,nan,,nan,nan,nan,nan,nan,nan,nan,nan,nan,nan,nan,
11,1,0.0,7.751391333333333,8.000020000000001,2025-08-05 00:00:00,2025-07-05 00:00:00,2025-05-05 00:00:00,8.125,7.944446666666668,10,2N,Ametista,Escola Pública,0.09090909090909091
11,0,0.0,6.995835000000001,8.500020000000001,8,2025-07-05 00:00:00,2025-04-05 00:00:00,8.125,7.916665,5,1M,Ágata,Escola Pública,0.0
11,3,0.0,8.308752,9.500020000000001,2025-08-07 00:00:00,10,9,7.1875,8,5,1B,Ametista,Rede Decisão/União,0.2727272727272727
13,2,0.0,8.615210166666667,9.16668,2025-09-08 00:00:00,2025-07-05 00:00:00,8.333333333333334,7.96875,7.6250025,10,3B,Topázio,Escola Pública,0.15384615384615385
14,1,0.0,7.794168000000001,9.000020000000001,2025-08-07 00:00:00,2025-07-05 00:00:00,8,7.708333333333334,7.666663333333333,5,2C,Ametista,Escola Pública,0.07142857142857142
12,1,0.0,8.125001833333334,8.333350000000001,9,2025-07-05 00:00:00,7.666666666666667,2025-07-05 00:00:00,7.2916675,10,3B,Ametista,Rede Decisão/União,0.08333333333333333
12,1,0.0,7.633752,9.000020000000001,2025-08-07 00:00:00,2025-07-05 00:00:00,7,4375-08-01 00:00:00,2025-07-05 00:00:00,5,2D,Ametista,Escola Pública,0.08333333333333333
16,1,0.0,8.320209166666666,8.75001,2025-09-02 00:00:00,2025-07-05 00:00:00,7.333333333333333,7.96875,7.9583325,10,6A,Ametista,Rede Decisão/União,0.0625
nan,nan,,nan,nan,nan,nan,nan,nan,nan,nan,nan,nan,nan,
13,1,0.0,6.906668,9.000020000000001,2025-09-02 00:00:00,5,2025-08-05 00:00:00,2025-02-05 00:00:00,6.08333,5,1G,Ágata,Escola Pública,0.07692307692307693
13,2,1.0,7.744167,7.08333,2025-04-07 00:00:00,2025-07-05 00:00:00,9,8.125,8.66667,10,3C,Ametista,Escola Pública,0.15384615384615385
16,2,0.0,5.2162495,0,2025-04-03 00:00:00,2025-07-05 00:00:00,2,8125-07-01 00:00:00,7.1249975,10,6B,Quartzo,Escola Pública,0.125
10,2,1.0,8.890836,9.000020000000001,2025-09-01 00:00:00,2025-07-05 00:00:00,9,8.541666666666666,8.833336666666666,10,2F,Topázio,Rede Decisão/União,0.2
nan,nan,,nan,nan,nan,nan,nan,nan,nan,nan,nan,nan,nan,
12,2,0.0,7.856389666666666,7.91667,2025-08-09 00:00:00,2025-07-05 00:00:00,2025-05-05 00:00:00,8.125,8.111113333333334,10,3H,Ametista,Escola Pública,0.16666666666666666
9,1,0.0,7.813335,9.000020000000001,2025-09-09 00:00:00,4.375,2025-07-05 00:00:00,5.625,7.166665,10,1B,Ametista,Escola Pública,0.1111111111111111
10,1,1.0,8.352502999999999,9.500020000000001,2025-08-07 00:00:00,2025-07-05 00:00:00,9,8.125,9.000005,5,1D,Ametista,Escola Pública,0.1
14,3,1.0,8.381390666666666,8.33334,2025-09-09 00:00:00,4.375,7.333333333333333,8.749999999999998,8.94445,10,4L,Ametista,Rede Decisão/União,0.21428571428571427
12,1,0.0,6.706112,9.500020000000001,2025-07-06 00:00:00,3.75,2025-05-05 00:00:00,2025-07-05 00:00:00,7.555549999999998,5,2R,Ágata,Escola Pública,0.08333333333333333
18,3,0.0,6.64396,8.75001,2025-06-01 00:00:00,2025-06-25 00:00:00,5,7.65625,8.29167,5,7B,Ágata,Escola Pública,0.16666666666666666
12,3,0.0,6.828125666666667,7.91667,2025-09-05 00:00:00,4.375,3.3333333333333335,7.65625,6.333335,10,3B,Ágata,Rede Decisão/União,0.25
11,1,1.0,8.350558,8.500020000000001,2025-08-06 00:00:00,2025-07-05 00:00:00,2025-09-05 00:00:00,8.75,8.77778,5,1R,Ametista,Escola Pública,0.09090909090909091
8,1,0.0,8.342085,8.500020000000001,2025-07-07 00:00:00,2025-07-05 00:00:00,10,7.1875,7.416665,10,1D,Ametista,Escola Pública,0.125
15,1,1.0,8.266390000000001,8.33334,2025-08-07 00:00:00,6.875,8.333333333333334,9.166666666666666,9.611113333333332,5,3J,Ametista,Rede Decisão/União,0.06666666666666667
12,1,0.0,5.660002,7.50002,2025-07-03 00:00:00,5,4,2025-02-05 00:00:00,7,5,1G,Quartzo,Escola Pública,0.08333333333333333
8,1,0.0,7.730002000000001,8.500020000000001,2025-09-09 00:00:00,2025-07-05 00:00:00,2025-09-05 00:00:00,2025-02-05 00:00:00,5,10,0F,Ametista,Escola Pública,0.125
10,1,0.0,7.6391686666666665,9.500020000000001,2025-08-03 00:00:00,6.875,8,7.083333333333333,7.666666666666666,5,1J,Ametista,Escola Pública,0.1
nan,nan,,nan,nan,nan,nan,nan,nan,nan,nan,nan,nan,nan,
13,4,1.0,8.443336,8.33334,2025-08-08 00:00:00,4.375,8,9.375,9.37501,10,3A,Ametista,Rede Decisão/União,0.3076923076923077
nan,nan,,nan,nan,nan,nan,nan,nan,nan,nan,nan,nan,nan,
15,4,0.0,8.386113666666667,9.58335,2025-09-05 00:00:00,6.875,6.333333333333333,8.958333333333332,8.388893333333336,10,5B,Ametista,Rede Decisão/União,0.26666666666666666
13,4,0.0,8.318544833333334,10.000020000000001,2025-09-09 00:00:00,4.375,6.666666666666667,8.59375,8.5416725,10,3L,Ametista,Rede Decisão/União,0.3076923076923077
12,4,0.0,8.186876333333334,9.16668,2025-09-07 00:00:00,2025-07-05 00:00:00,6.666666666666667,7.96875,2025-07-25 00:00:00,10,3B,Ametista,Rede Decisão/União,0.3333333333333333
nan,nan,,nan,nan,nan,nan,nan,nan,nan,nan,nan,nan,nan,
15,1,1.0,7.3906255000000005,7.08333,7,6.875,5,8.28125,8.8333375,10,5F,Ametista,Escola Pública,0.06666666666666667
10,2,0.0,7.953752000000001,8.500020000000001,2025-08-08 00:00:00,2025-07-05 00:00:00,2025-08-05 00:00:00,4375-08-01 00:00:00,7.75,5,1B,Ametista,Escola Pública,0.2
15,1,0.0,7.201112,8.33334,2025-08-07 00:00:00,4.375,6,8.125,8.38889,5,3J,Ágata,Escola Pública,0.06666666666666667
11,1,0.0,7.811252000000001,8.000020000000001,2025-08-04 00:00:00,2025-07-05 00:00:00,2025-08-05 00:00:00,3125-05-01 00:00:00,6.75,10,2D,Ametista,Escola Pública,0.09090909090909091
nan,nan,,nan,nan,nan,nan,nan,nan,nan,nan,nan,nan,nan,
14,2,0.0,4.386945333333334,9.000020000000001,2025-04-04 00:00:00,2025-07-05 00:00:00,0,7.291666666666667,4.388883333333333,2025-02-05 00:00:00,1R,Quartzo,Escola Pública,0.14285714285714285
12,2,0.0,6.487222666666668,10.000020000000001,2025-04-02 00:00:00,2025-07-05 00:00:00,5.333333333333333,7.083333333333334,5.611103333333335,10,3H,Ágata,Escola Pública,0.16666666666666666
14,3,1.0,7.7272240000000005,7.9166799999999995,2025-09-09 00:00:00,4.375,7.666666666666667,7.291666666666667,8.77778,5,3G,Ametista,Rede Decisão/União,0.21428571428571427
16,1,0.0,4.9156245,4.58334,2,2025-07-05 00:00:00,2,6.40625,6.3333275,10,6A,Quartzo,Escola Pública,0.0625
nan,nan,,nan,nan,nan,nan,nan,nan,nan,nan,nan,nan,nan,
15,1,1.0,8.372780333333333,9.58335,2025-09-01 00:00:00,9.375,8,8.125,8.722226666666666,5,4A,Ametista,Escola Pública,0.06666666666666667
12,1,0.0,7.433890666666667,8.500020000000001,2025-09-06 00:00:00,2025-07-05 00:00:00,6,7.916666666666668,7.11111,5,2E,Ametista,Escola Pública,0.08333333333333333
10,1,0.0,8.049168666666667,9.000020000000001,2025-09-01 00:00:00,4.375,10,7.916666666666668,8,5,1N,Ametista,Escola Pública,0.1
nan,nan,,nan,nan,nan,nan,nan,nan,nan,nan,nan,nan,nan,
13,2,0.0,5.730206833333334,2025-07-05 00:00:00,2025-04-05 00:00:00,3.75,4.666666666666667,6.71875,5.4999925,10,3A,Quartzo,Escola João Paulo II,0.15384615384615385
nan,nan,,nan,nan,nan,nan,nan,nan,nan,nan,nan,nan,nan,
13,1,0.0,6.0124986666666675,2025-07-05 00:00:00,2025-05-05 00:00:00,2025-07-05 00:00:00,1.1666666666666667,8.125,6.833326666666666,10,3F,Quartzo,Escola Pública,0.07692307692307693
13,1,0.0,8.281250333333332,8.33334,9,2025-07-05 00:00:00,8.666666666666666,8125-07-01 00:00:00,6.916665,10,3B,Ametista,Escola Pública,0.07692307692307693
nan,nan,,nan,nan,nan,nan,nan,nan,nan,nan,nan,nan,nan,
14,2,1.0,8.229169833333334,9.16668,2025-05-05 00:00:00,10,6.666666666666667,9.375,9.7083425,10,4E,Ametista,Rede Decisão/União,0.14285714285714285
nan,nan,,nan,nan,nan,nan,nan,nan,nan,nan,nan,nan,nan,
nan,nan,,nan,nan,nan,nan,nan,nan,nan,nan,nan,nan,nan,
nan,nan,,nan,nan,nan,nan,nan,nan,nan,nan,nan,nan,nan,
nan,nan,,nan,nan,nan,nan,nan,nan,nan,nan,nan,nan,nan,
14,2,1.0,8.370558666666668,9.16668,2025-09-07 00:00:00,5.625,8,8.958333333333334,9.777786666666666,5,3J,Ametista,Rede Decisão/União,0.14285714285714285
15,2,1.0,8.426390666666666,9.16668,2025-09-05 00:00:00,8.125,8,8.749999999999998,9.111113333333334,5,3J,Ametista,Rede Decisão/União,0.13333333333333333
nan,nan,,nan,nan,nan,nan,nan,nan,nan,nan,nan,nan,nan,
nan,nan,,nan,nan,nan,nan,nan,nan,nan,nan,nan,nan,nan,
8,0,0.0,8.780002,10.000020000000001,2025-09-09 00:00:00,2025-07-05 00:00:00,9,2025-07-05 00:00:00,2025-07-05 00:00:00,10,0F,Topázio,Escola Pública,0.0
11,2,0.0,8.374169333333333,9.500020000000001,2025-09-06 00:00:00,5,8,7.708333333333334,8.16667,10,2E,Ametista,Rede Decisão/União,0.18181818181818182
12,1,0.0,5.862502000000001,9.000020000000001,9,5,0.5,5.625,2025-07-05 00:00:00,5,2B,Quartzo,Escola Pública,0.08333333333333333
11,2,0.0,7.635279333333334,7.50002,2025-08-06 00:00:00,2025-07-05 00:00:00,6,7.708333333333334,7.222219999999999,10,2L,Ametista,Escola Pública,0.18181818181818182
nan,nan,,nan,nan,nan,nan,nan,nan,nan,nan,nan,nan,nan,
10,0,0.0,7.940418,8.000020000000001,2025-09-04 00:00:00,8.125,10,8125-07-01 00:00:00,5.83333,5,0D,Ametista,Escola Pública,0.0
11,0,0.0,6.790556666666666,9.000020000000001,2025-05-08 00:00:00,5,2025-07-05 00:00:00,7.083333333333333,7.611106666666666,5,1K,Ágata,Escola Pública,0.0
8,1,0.0,6.345836,7.4166799999999995,10,4.375,7,2025-02-05 00:00:00,2.5833399999999997,10,0H,Ágata,Escola Pública,0.125
8,1,0.0,8.546669,9.500020000000001,2025-09-09 00:00:00,2025-07-05 00:00:00,9,2025-07-05 00:00:00,6.583335,10,0F,Topázio,Escola Pública,0.125
13,1,0.0,7.131665666666668,8.75001,2025-06-02 00:00:00,2025-07-05 00:00:00,7.333333333333333,6.666666666666667,5.666656666666667,10,3H,Ágata,Escola Pública,0.07692307692307693
nan,nan,,nan,nan,nan,nan,nan,nan,nan,nan,nan,nan,nan,
9,1,0.0,7.798752,9.000020000000001,2025-08-04 00:00:00,2025-07-05 00:00:00,2025-06-05 00:00:00,7.1875,2025-07-25 00:00:00,10,1A,Ametista,Escola Pública,0.1111111111111111
nan,nan,,nan,nan,nan,nan,nan,nan,nan,nan,nan,nan,nan,
13,2,1.0,8.289376333333333,5.83333,2025-09-09 00:00:00,5,7.666666666666667,8.59375,9.166675000000001,10,3L,Ametista,Rede Decisão/União,0.15384615384615385
13,1,0.0,8.340419,8.500020000000001,2025-09-09 00:00:00,2025-07-05 00:00:00,2025-09-05 00:00:00,4375-08-01 00:00:00,7.583335,5,2D,Ametista,Escola Pública,0.07692307692307693
nan,nan,,nan,nan,nan,nan,nan,nan,nan,nan,nan,nan,nan,
9,1,1.0,8.962503,7.00002,2025-09-05 00:00:00,2025-07-05 00:00:00,10,8.125,9.000005,10,1A,Topázio,Escola Pública,0.1111111111111111
8,0,0.0,7.9000010000000005,7.50002,10,2025-07-05 00:00:00,2025-06-05 00:00:00,2025-07-05 00:00:00,6.749995,10,0F,Ametista,Escola Pública,0.0
7,1,0.0,9.116669,10.000020000000001,10,2025-07-05 00:00:00,10,2025-07-05 00:00:00,8.083335,10,0B,Topázio,Escola Pública,0.14285714285714285
10,1,0.0,7.029166999999999,9.500020000000001,10,5.625,9,2025-02-05 00:00:00,4.833325,5,0E,Ágata,Escola Pública,0.1
10,3,0.0,7.352085,9.500020000000001,9,2025-07-05 00:00:00,2025-05-05 00:00:00,7.1875,7.666665,5,1A,Ametista,Escola Pública,0.3
nan,nan,,nan,nan,nan,nan,nan,nan,nan,nan,nan,nan,nan,
13,4,0.0,8.384169,9.58335,2025-09-04 00:00:00,4.375,9,7.083333333333334,8.000003333333332,10,3F,Ametista,Escola Pública,0.3076923076923077
nan,nan,,nan,nan,nan,nan,nan,nan,nan,nan,nan,nan,nan,
nan,nan,,nan,nan,nan,nan,nan,nan,nan,nan,nan,nan,nan,
nan,nan,,nan,nan,nan,nan,nan,nan,nan,nan,nan,nan,nan,
9,1,0.0,8.582085,9.000020000000001,2025-09-09 00:00:00,5,10,7.1875,7.416665,10,1B,Topázio,Escola Pública,0.1111111111111111
13,2,0.0,6.289445333333333,9.000020000000001,2025-05-06 00:00:00,4.375,6,6.875,7.222216666666665,5,2R,Ágata,Escola Pública,0.15384615384615385
nan,nan,,nan,nan,nan,nan,nan,nan,nan,nan,nan,nan,nan,
12,2,1.0,7.356669999999999,8.000020000000001,2025-08-02 00:00:00,2025-07-05 00:00:00,2025-06-05 00:00:00,5,9.33334,5,2B,Ametista,Escola Pública,0.16666666666666666
11,2,0.0,7.767919,10.000020000000001,2025-08-06 00:00:00,5,9,8125-07-01 00:00:00,7.333335,5,0D,Ametista,Escola Pública,0.18181818181818182
nan,nan,,nan,nan,nan,nan,nan,nan,nan,nan,nan,nan,nan,
10,2,0.0,7.978752000000001,9.000020000000001,2025-08-08 00:00:00,2025-07-05 00:00:00,2025-09-05 00:00:00,7.1875,2025-07-25 00:00:00,5,1D,Ametista,Escola Pública,0.2
nan,nan,,nan,nan,nan,nan,nan,nan,nan,nan,nan,nan,nan,
nan,nan,,nan,nan,nan,nan,nan,nan,nan,nan,nan,nan,nan,
12,1,0.0,6.241251999999999,9.500020000000001,2025-06-03 00:00:00,2025-07-05 00:00:00,2,8125-07-01 00:00:00,8,5,2H,Ágata,Escola Pública,0.08333333333333333
7,0,0.0,8.641250000000001,9.000020000000001,2025-09-08 00:00:00,2025-07-05 00:00:00,10,8125-07-01 00:00:00,6.24999,10,0G,Topázio,Escola Pública,0.0
nan,nan,,nan,nan,nan,nan,nan,nan,nan,nan,nan,nan,nan,
nan,nan,,nan,nan,nan,nan,nan,nan,nan,nan,nan,nan,nan,
8,0,1.0,9.712504000000001,9.000020000000001,10,8.125,10,10,10.00001,10,0A,Topázio,Escola Pública,0.0
nan,nan,,nan,nan,nan,nan,nan,nan,nan,nan,nan,nan,nan,
nan,nan,,nan,nan,nan,nan,nan,nan,nan,nan,nan,nan,nan,
14,2,0.0,6.2183348333333335,10.000020000000001,2025-07-08 00:00:00,4.375,4.666666666666667,5.625,6.1249975,5,3L,Ágata,Escola Pública,0.14285714285714285
nan,nan,,nan,nan,nan,nan,nan,nan,nan,nan,nan,nan,nan,
nan,nan,,nan,nan,nan,nan,nan,nan,nan,nan,nan,nan,nan,
16,2,0.0,6.8100005,7.91667,2025-05-08 00:00:00,2025-06-25 00:00:00,2025-04-05 00:00:00,2025-07-05 00:00:00,7.9166675,10,6B,Ágata,Escola Pública,0.125
nan,nan,,nan,nan,nan,nan,nan,nan,nan,nan,nan,nan,nan,
13,1,0.0,5.635834000000001,9.500020000000001,2025-06-07 00:00:00,6.875,0,7.916666666666668,6.833326666666666,5,2C,Quartzo,Escola Pública,0.07692307692307693
nan,nan,,nan,nan,nan,nan,nan,nan,nan,nan,nan,nan,nan,
13,2,0.0,7.780279333333334,9.000020000000001,2025-09-07 00:00:00,2025-06-25 00:00:00,7,7.708333333333334,8.22222,5,2G,Ametista,Escola Pública,0.15384615384615385
11,0,0.0,7.436114000000001,9.000020000000001,2025-07-05 00:00:00,2025-07-05 00:00:00,2025-04-25 00:00:00,7.916666666666666,8.222226666666666,10,2L,Ametista,Escola Pública,0.0
9,1,0.0,8.575835333333334,8.500020000000001,2025-08-09 00:00:00,2025-07-05 00:00:00,10,7.291666666666667,7.333333333333333,10,1N,Topázio,Escola Pública,0.1111111111111111
nan,nan,,nan,nan,nan,nan,nan,nan,nan,nan,nan,nan,nan,
14,0,0.0,8.114724,9.16668,2025-09-04 00:00:00,2025-07-05 00:00:00,8.333333333333334,8.125,7.944446666666668,5,3J,Ametista,Escola Pública,0.0
nan,nan,,nan,nan,nan,nan,nan,nan,nan,nan,nan,nan,nan,
9,0,0.0,8.118749000000001,6.83334,10,2025-07-05 00:00:00,10,7.1875,7.333325,5,0E,Ametista,Escola Pública,0.0
nan,nan,,nan,nan,nan,nan,nan,nan,nan,nan,nan,nan,nan,
nan,nan,,nan,nan,nan,nan,nan,nan,nan,nan,nan,nan,nan,
12,3,0.0,6.996391333333334,9.000020000000001,2025-08-01 00:00:00,4.375,6,2025-07-05 00:00:00,7.944446666666667,5,2N,Ágata,Rede Decisão/União,0.25
10,1,0.0,7.918752,9.500020000000001,10,6.875,2025-07-05 00:00:00,8125-07-01 00:00:00,2025-07-05 00:00:00,5,0E,Ametista,Escola Pública,0.1
12,1,0.0,7.73389,9.500020000000001,2025-09-01 00:00:00,2025-07-05 00:00:00,2025-07-05 00:00:00,7.916666666666668,7.111106666666665,5,2C,Ametista,Escola Pública,0.08333333333333333
14,0,0.0,7.613959833333333,9.16668,2025-06-07 00:00:00,10,7.666666666666667,7.65625,7.7916675,5,3M,Ametista,Escola Pública,0.0
9,1,0.0,8.003890666666667,7.50002,2025-06-07 00:00:00,2025-07-05 00:00:00,10,7.083333333333334,7.277776666666666,10,1N,Ametista,Escola Pública,0.1111111111111111
10,1,0.0,6.7994460000000005,9.000020000000001,2025-07-09 00:00:00,2025-06-25 00:00:00,2025-02-05 00:00:00,2025-07-05 00:00:00,7.22222,10,2N,Ágata,Escola Pública,0.1
11,0,0.0,7.8425020000000005,9.000020000000001,2025-09-04 00:00:00,2025-07-05 00:00:00,5,8.125,2025-07-05 00:00:00,10,2D,Ametista,Escola Pública,0.0
10,2,0.0,8.427224,9.500020000000001,2025-09-04 00:00:00,2025-07-05 00:00:00,10,7.916666666666668,7.777776666666667,5,1H,Ametista,Escola Pública,0.2
13,0,0.0,7.356112666666667,9.000020000000001,2025-07-06 00:00:00,2025-07-05 00:00:00,8,7.083333333333334,6.888886666666665,5,2L,Ametista,Escola Pública,0.0
16,3,1.0,7.903127833333334,9.16668,2025-08-05 00:00:00,6.875,6.666666666666667,8.90625,9.375007500000002,5,5F,Ametista,Rede Decisão/União,0.1875
8,0,1.0,9.233336,9.500020000000001,10,2025-07-05 00:00:00,10,2025-07-05 00:00:00,8.91667,10,0B,Topázio,Escola Pública,0.0
12,2,0.0,6.518752000000001,8.500020000000001,2025-03-05 00:00:00,6.875,8,8125-07-01 00:00:00,7,5,2D,Ágata,Escola Pública,0.16666666666666666
nan,nan,,nan,nan,nan,nan,nan,nan,nan,nan,nan,nan,nan,
9,1,0.0,8.231250000000001,9.000020000000001,10,2025-07-05 00:00:00,2025-09-05 00:00:00,8125-07-01 00:00:00,6.99999,5,0F,Ametista,Escola Pública,0.1111111111111111
9,2,0.0,8.388752,8.000020000000001,2025-07-06 00:00:00,2025-07-05 00:00:00,10,7.1875,8,10,1F,Ametista,Escola Pública,0.2222222222222222
nan,nan,,nan,nan,nan,nan,nan,nan,nan,nan,nan,nan,nan,
12,1,0.0,7.4925006666666665,6.91668,2025-08-09 00:00:00,2025-07-05 00:00:00,2025-07-05 00:00:00,7.708333333333334,7.499996666666666,5,2C,Ametista,Escola Pública,0.08333333333333333
11,3,1.0,7.776669999999999,9.000020000000001,2025-09-03 00:00:00,5,2025-05-05 00:00:00,5,9.58334,10,2B,Ametista,Rede Decisão/União,0.2727272727272727
nan,nan,,nan,nan,nan,nan,nan,nan,nan,nan,nan,nan,nan,
12,1,0.0,6.485277,7.91667,2025-06-06 00:00:00,2025-07-05 00:00:00,2.3333333333333335,8.125,6.722216666666666,10,3E,Ágata,Escola Pública,0.08333333333333333
nan,nan,,nan,nan,nan,nan,nan,nan,nan,nan,nan,nan,nan,
11,3,0.0,7.412223000000001,9.583350000000001,2025-06-07 00:00:00,4.375,6,8.541666666666666,8.111106666666666,10,3G,Ametista,Rede Decisão/União,0.2727272727272727
9,1,0.0,6.443336,9.500020000000001,2025-09-08 00:00:00,2025-02-05 00:00:00,2025-08-05 00:00:00,2025-02-05 00:00:00,4.16667,5,0D,Ágata,Escola Pública,0.1111111111111111
nan,nan,,nan,nan,nan,nan,nan,nan,nan,nan,nan,nan,nan,
13,2,0.0,6.068611666666667,6.33335,2025-08-01 00:00:00,5,3,6.041666666666667,8.05555,5,1R,Quartzo,Escola Pública,0.15384615384615385
nan,nan,,nan,nan,nan,nan,nan,nan,nan,nan,nan,nan,nan,
nan,nan,,nan,nan,nan,nan,nan,nan,nan,nan,nan,nan,nan,
nan,nan,,nan,nan,nan,nan,nan,nan,nan,nan,nan,nan,nan,
nan,nan,,nan,nan,nan,nan,nan,nan,nan,nan,nan,nan,nan,
9,1,0.0,8.659168666666668,9.500020000000001,2025-09-04 00:00:00,4.375,10,7.916666666666668,8,10,1N,Topázio,Escola Pública,0.1111111111111111
14,1,0.0,6.205209666666667,9.16668,2025-05-05 00:00:00,2025-07-05 00:00:00,3.3333333333333335,7.96875,7.375,5,3M,Ágata,Escola Pública,0.07142857142857142
nan,nan,,nan,nan,nan,nan,nan,nan,nan,nan,nan,nan,nan,
11,4,0.0,7.648752,7.50002,2025-09-04 00:00:00,2025-07-05 00:00:00,2025-07-05 00:00:00,7.1875,7.75,5,1D,Ametista,Escola Pública,0.36363636363636365
13,1,0.0,8.154376000000001,7.91667,2025-09-01 00:00:00,5.625,8,7.96875,7.91667,10,3B,Ametista,Escola Pública,0.07692307692307693
8,1,0.0,8.091669,8.500020000000001,10,2025-06-25 00:00:00,9,2025-02-05 00:00:00,7.833335,10,0E,Ametista,Escola Pública,0.125
nan,nan,,nan,nan,nan,nan,nan,nan,nan,nan,nan,nan,nan,
11,0,0.0,8.153752,8.500020000000001,2025-08-08 00:00:00,2025-07-05 00:00:00,7,4375-08-01 00:00:00,7.75,10,2D,Ametista,Escola Pública,0.0
10,0,0.0,7.728335333333334,9.000020000000001,2025-07-01 00:00:00,2025-07-05 00:00:00,9,7.916666666666668,7.833333333333333,5,1K,Ametista,Escola Pública,0.0
13,3,0.0,6.399376666666667,10.000020000000001,2025-05-02 00:00:00,2025-07-05 00:00:00,4.333333333333333,6.09375,5.666665,10,3M,Ágata,Escola Pública,0.23076923076923078
nan,nan,,nan,nan,nan,nan,nan,nan,nan,nan,nan,nan,nan,
14,4,0.0,7.706946333333334,8.75001,8,5,6.333333333333333,8.541666666666666,8.05556,10,4L,Ametista,Rede Decisão/União,0.2857142857142857
nan,nan,,nan,nan,nan,nan,nan,nan,nan,nan,nan,nan,nan,
11,0,0.0,6.381112000000001,8.000020000000001,2025-06-01 00:00:00,2025-07-05 00:00:00,2025-03-05 00:00:00,6.666666666666667,6.222216666666667,10,2L,Ágata,Escola Pública,0.0
15,1,1.0,7.386391000000001,5.41667,2025-08-08 00:00:00,2025-07-05 00:00:00,6,8.125,9.11112,5,4L,Ametista,Escola Pública,0.06666666666666667
nan,nan,,nan,nan,nan,nan,nan,nan,nan,nan,nan,nan,nan,
8,0,0.0,7.400002000000001,9.000020000000001,10,5,9,2025-02-05 00:00:00,4.75,10,0E,Ametista,Escola Pública,0.0
nan,nan,,nan,nan,nan,nan,nan,nan,nan,nan,nan,nan,nan,
9,1,0.0,8.178752,8.000020000000001,2025-08-03 00:00:00,2025-07-05 00:00:00,9,7.1875,2025-07-25 00:00:00,10,1G,Ametista,Escola Pública,0.1111111111111111
nan,nan,,nan,nan,nan,nan,nan,nan,nan,nan,nan,nan,nan,
11,1,0.0,8.082224,10.000020000000001,2025-08-08 00:00:00,2025-07-05 00:00:00,2025-08-05 00:00:00,2025-07-05 00:00:00,8.11111,5,1J,Ametista,Escola Pública,0.09090909090909091
nan,nan,,nan,nan,nan,nan,nan,nan,nan,nan,nan,nan,nan,
nan,nan,,nan,nan,nan,nan,nan,nan,nan,nan,nan,nan,nan,
nan,nan,,nan,nan,nan,nan,nan,nan,nan,nan,nan,nan,nan,
nan,nan,,nan,nan,nan,nan,nan,nan,nan,nan,nan,nan,nan,
11,1,0.0,8.949447333333334,10.000020000000001,2025-09-04 00:00:00,2025-07-05 00:00:00,9,8.75,8.222226666666668,10,2P,Topázio,Escola Pública,0.09090909090909091
11,1,0.0,7.5266693333333325,9.500020000000001,2025-08-03 00:00:00,2025-07-05 00:00:00,4,8.333333333333332,7.666670000000001,10,2P,Ametista,Escola Pública,0.09090909090909091
10,0,0.0,7.975835333333334,9.500020000000001,2025-08-09 00:00:00,2025-07-05 00:00:00,9,7.291666666666667,7.333333333333333,5,1C,Ametista,Escola Pública,0.0
nan,nan,,nan,nan,nan,nan,nan,nan,nan,nan,nan,nan,nan,
17,1,0.0,7.131251333333334,2025-07-05 00:00:00,8,2025-06-25 00:00:00,6.166666666666667,8125-07-01 00:00:00,8.20834,5,6C,Ágata,Rede Decisão/União,0.058823529411764705
10,2,0.0,7.736390666666667,9.000020000000001,2025-07-03 00:00:00,2025-07-05 00:00:00,6,7.708333333333334,8.277776666666668,10,2G,Ametista,Rede Decisão/União,0.2
nan,nan,,nan,nan,nan,nan,nan,nan,nan,nan,nan,nan,nan,
13,1,0.0,7.288543499999999,9.58335,4,5,9,7.96875,7.1666675,10,3A,Ametista,Escola Pública,0.07692307692307693
11,1,0.0,6.864723333333334,7.91668,2025-09-04 00:00:00,5.625,3.75,7.916666666666668,7.944443333333333,5,1E,Ágata,Escola Pública,0.09090909090909091
16,0,1.0,7.582500666666667,2025-07-05 00:00:00,2025-08-01 00:00:00,2025-07-05 00:00:00,8,8.125,9.000003333333334,2025-02-05 00:00:00,3J,Ametista,Escola Pública,0.0
10,0,0.0,7.713335,9.000020000000001,2025-08-09 00:00:00,2025-07-05 00:00:00,5,2025-07-05 00:00:00,7.666665,10,2B,Ametista,Escola Pública,0.0
nan,nan,,nan,nan,nan,nan,nan,nan,nan,nan,nan,nan,nan,
nan,nan,,nan,nan,nan,nan,nan,nan,nan,nan,nan,nan,nan,
11,3,1.0,8.281114,9.000020000000001,2025-09-06 00:00:00,2025-06-25 00:00:00,2025-06-05 00:00:00,7.916666666666668,8.722226666666666,10,2L,Ametista,Rede Decisão/União,0.2727272727272727
nan,nan,,nan,nan,nan,nan,nan,nan,nan,nan,nan,nan,nan,
16,1,0.0,5.9597921666666664,8.33334,2025-03-07 00:00:00,5,4.333333333333333,7.03125,6.5833325,10,6C,Quartzo,Escola Pública,0.0625
13,3,1.0,8.5077105,7.91667,2025-08-07 00:00:00,2025-07-05 00:00:00,7,8.59375,9.8333425,10,3L,Topázio,Rede Decisão/União,0.23076923076923078
12,1,0.0,5.791112666666667,9.000020000000001,2025-05-09 00:00:00,5,2.75,2025-07-05 00:00:00,7.055553333333332,5,2L,Quartzo,Escola Pública,0.08333333333333333
15,1,0.0,6.5970838333333335,5.83334,2025-08-01 00:00:00,3.75,7.666666666666667,7.1875,6.3333325,5,3A,Ágata,Escola Pública,0.06666666666666667
nan,nan,,nan,nan,nan,nan,nan,nan,nan,nan,nan,nan,nan,
15,0,0.0,7.1305570000000005,8.75001,6,2025-07-05 00:00:00,5.333333333333333,7.500000000000001,7.444446666666667,10,5A,Ágata,Escola Pública,0.0
9,1,1.0,9.075004,9.500020000000001,10,2025-06-25 00:00:00,10,10,10.00001,5,0H,Topázio,Escola Pública,0.1111111111111111
9,1,0.0,8.848335333333335,10.000020000000001,2025-09-02 00:00:00,2025-07-05 00:00:00,2025-09-05 00:00:00,7.916666666666668,7.833333333333333,10,1J,Topázio,Escola Pública,0.1111111111111111
15,1,0.0,6.957083833333334,7.91667,2025-06-04 00:00:00,2025-07-05 00:00:00,6.666666666666667,4375-08-01 00:00:00,7.2916675,5,4E,Ágata,Escola Pública,0.06666666666666667
nan,nan,,nan,nan,nan,nan,nan,nan,nan,nan,nan,nan,nan,
11,1,0.0,7.1833350000000005,9.000020000000001,2025-09-05 00:00:00,2025-07-05 00:00:00,2,2025-07-05 00:00:00,7.416665,10,2B,Ágata,Escola Pública,0.09090909090909091
nan,nan,,nan,nan,nan,nan,nan,nan,nan,nan,nan,nan,nan,
11,2,0.0,6.707085000000001,9.000020000000001,2025-07-04 00:00:00,2025-06-25 00:00:00,2025-05-05 00:00:00,7.1875,6.916665,5,1G,Ágata,Escola Pública,0.18181818181818182
12,4,0.0,5.655001,8.000020000000001,2025-06-09 00:00:00,5,2025-04-05 00:00:00,3.75,5.999995,5,2B,Quartzo,Rede Decisão/União,0.3333333333333333
11,1,0.0,6.1987499999999995,3.4999800000000003,2025-09-04 00:00:00,4.375,8,8125-07-01 00:00:00,3.2500099999999996,5,0D,Ágata,Escola Pública,0.09090909090909091
nan,nan,,nan,nan,nan,nan,nan,nan,nan,nan,nan,nan,nan,
nan,nan,,nan,nan,nan,nan,nan,nan,nan,nan,nan,nan,nan,
12,1,0.0,6.857223333333333,9.500020000000001,2025-06-08 00:00:00,4.375,2025-06-05 00:00:00,6.875,8.111106666666666,5,1R,Ágata,Escola Pública,0.08333333333333333
13,1,0.0,6.985000666666667,7.9166799999999995,2025-08-03 00:00:00,2025-07-05 00:00:00,2025-05-05 00:00:00,2025-07-05 00:00:00,7.166663333333332,5,2G,Ágata,Escola Pública,0.07692307692307693
nan,nan,,nan,nan,nan,nan,nan,nan,nan,nan,nan,nan,nan,
15,4,0.0,7.9691670000000006,7.91667,2025-09-07 00:00:00,3.75,7,8.125,2025-08-25 00:00:00,10,5G,Ametista,Rede Decisão/União,0.26666666666666666
nan,nan,,nan,nan,nan,nan,nan,nan,nan,nan,nan,nan,nan,
16,1,0.0,7.638334333333334,9.58335,2025-08-04 00:00:00,6.875,7.666666666666667,8.125,7.33333,5,5G,Ametista,Escola Pública,0.0625
nan,nan,,nan,nan,nan,nan,nan,nan,nan,nan,nan,nan,nan,
9,3,0.0,7.586252,9.000020000000001,2025-08-09 00:00:00,4.375,2025-07-25 00:00:00,6875-04-01 00:00:00,7.75,10,1D,Ametista,Escola Pública,0.3333333333333333
nan,nan,,nan,nan,nan,nan,nan,nan,nan,nan,nan,nan,nan,
9,2,0.0,7.322224,9.000020000000001,8,2025-06-25 00:00:00,2025-04-05 00:00:00,7.083333333333333,7.944443333333333,10,1E,Ametista,Escola Pública,0.2222222222222222
nan,nan,,nan,nan,nan,nan,nan,nan,nan,nan,nan,nan,nan,
10,1,0.0,8.004724,8.500020000000001,2025-08-01 00:00:00,2025-07-05 00:00:00,10,7.291666666666667,7.777776666666667,5,1H,Ametista,Escola Pública,0.1
nan,nan,,nan,nan,nan,nan,nan,nan,nan,nan,nan,nan,nan,
nan,nan,,nan,nan,nan,nan,nan,nan,nan,nan,nan,nan,nan,
8,0,0.0,2025-08-25 00:00:00,8.500020000000001,10,2025-07-05 00:00:00,10,2025-02-05 00:00:00,6.99999,10,0H,Ametista,Escola Pública,0.0
8,0,0.0,8.600003000000001,9.000020000000001,10,2025-07-05 00:00:00,2025-09-05 00:00:00,2025-07-05 00:00:00,6.500005,10,0A,Topázio,Escola Pública,0.0
nan,nan,,nan,nan,nan,nan,nan,nan,nan,nan,nan,nan,nan,
8,0,0.0,8.61125,9.000020000000001,2025-09-09 00:00:00,2025-07-05 00:00:00,9,8125-07-01 00:00:00,6.99999,10,0H,Topázio,Escola Pública,0.0
nan,nan,,nan,nan,nan,nan,nan,nan,nan,nan,nan,nan,nan,
16,0,0.0,7.0766670000000005,7.91667,2025-08-08 00:00:00,2025-07-05 00:00:00,6,7.083333333333334,6.833333333333333,5,5B,Ágata,Escola Pública,0.0
9,0,0.0,7.966668666666667,8.000020000000001,2025-08-05 00:00:00,2025-07-05 00:00:00,7,2025-07-05 00:00:00,7.833333333333333,10,1J,Ametista,Escola Pública,0.0
12,3,0.0,8.291043,8.75001,2025-09-07 00:00:00,5,8,8.59375,7.583335,10,3L,Ametista,Rede Decisão/União,0.25
11,3,0.0,7.783335,9.000020000000001,2025-08-05 00:00:00,4.375,10,8.125,7.166665,5,1G,Ametista,Escola Pública,0.2727272727272727
nan,nan,,nan,nan,nan,nan,nan,nan,nan,nan,nan,nan,nan,
nan,nan,,nan,nan,nan,nan,nan,nan,nan,nan,nan,nan,nan,
11,1,0.0,8.508890666666668,10.000020000000001,2025-09-01 00:00:00,2025-07-05 00:00:00,2025-08-05 00:00:00,5.833333333333333,8.277776666666666,10,2J,Topázio,Escola Pública,0.09090909090909091
11,3,0.0,7.212501333333334,9.000020000000001,2025-07-05 00:00:00,6.875,2025-04-25 00:00:00,7.083333333333334,7.833329999999999,10,2F,Ágata,Escola Pública,0.2727272727272727
13,4,1.0,8.703753666666667,10.000020000000001,2025-07-03 00:00:00,10,8.333333333333334,4375-08-01 00:00:00,8.666675,10,3A,Topázio,Rede Decisão/União,0.3076923076923077
nan,nan,,nan,nan,nan,nan,nan,nan,nan,nan,nan,nan,nan,
12,4,0.0,7.687500833333334,9.16668,2025-09-05 00:00:00,4.375,6.666666666666667,2025-07-05 00:00:00,6.7499975,10,3B,Ametista,Rede Decisão/União,0.3333333333333333
15,2,0.0,6.519446,9.000020000000001,8,4.375,6,5.208333333333333,8.055553333333332,2025-02-05 00:00:00,1E,Ágata,Escola Pública,0.13333333333333333
13,4,1.0,8.539168666666667,10.000020000000001,2025-09-08 00:00:00,5,7,8.125,9.333333333333332,10,3F,Topázio,Escola Pública,0.3076923076923077
14,3,0.0,6.216666833333334,8.75001,5,5.625,5.666666666666667,8.125,6.6666625,5,3M,Ágata,Escola Pública,0.21428571428571427
12,4,1.0,7.854724666666667,9.000020000000001,2025-05-06 00:00:00,2025-07-05 00:00:00,2025-09-05 00:00:00,8.958333333333334,8.944446666666664,5,2E,Ametista,Escola Pública,0.3333333333333333
nan,nan,,nan,nan,nan,nan,nan,nan,nan,nan,nan,nan,nan,
nan,nan,,nan,nan,nan,nan,nan,nan,nan,nan,nan,nan,nan,
nan,nan,,nan,nan,nan,nan,nan,nan,nan,nan,nan,nan,nan,
14,2,0.0,7.851389666666667,7.91667,7,2025-07-05 00:00:00,7.666666666666667,8.541666666666666,7.611113333333334,10,4L,Ametista,Escola Pública,0.14285714285714285
nan,nan,,nan,nan,nan,nan,nan,nan,nan,nan,nan,nan,nan,
13,2,1.0,9.354725666666667,9.58335,2025-09-06 00:00:00,6.875,9,10,9.944453333333334,10,3J,Topázio,Rede Decisão/União,0.15384615384615385
10,3,1.0,7.841669,9.000020000000001,2025-08-05 00:00:00,2025-06-25 00:00:00,2025-06-05 00:00:00,5,9.083335,10,2H,Ametista,Escola Pública,0.3
13,4,0.0,7.355834833333334,7.91667,2025-05-08 00:00:00,2025-07-05 00:00:00,5.666666666666667,8.125,8.5416725,10,4F,Ametista,Escola Pública,0.3076923076923077
13,1,1.0,9.198059333333333,10.000020000000001,2025-08-09 00:00:00,2025-07-05 00:00:00,8.666666666666666,9.791666666666666,9.777786666666666,10,3C,Topázio,Escola Pública,0.07692307692307693
13,3,0.0,8.442778666666666,9.16668,2025-09-02 00:00:00,6.875,7.666666666666667,8.541666666666666,8.055553333333332,10,3G,Ametista,Rede Decisão/União,0.23076923076923078
12,1,0.0,6.7552085,7.08333,6,2025-07-05 00:00:00,4,7.96875,7.5000025,10,3B,Ágata,Escola Pública,0.08333333333333333
13,1,0.0,6.492502,9.000020000000001,2025-08-04 00:00:00,5,4,5.625,7.75,5,2H,Ágata,Escola Pública,0.07692307692307693
8,1,0.0,7.487501000000001,9.000020000000001,10,4.375,10,2025-02-05 00:00:00,4.499995,10,0E,Ametista,Escola Pública,0.125
9,0,0.0,8.362502000000001,9.000020000000001,10,2025-07-05 00:00:00,2025-09-05 00:00:00,8.125,2025-07-05 00:00:00,5,0F,Ametista,Escola Pública,0.0
nan,nan,,nan,nan,nan,nan,nan,nan,nan,nan,nan,nan,nan,
12,2,0.0,7.393752,9.500020000000001,8,2025-07-05 00:00:00,6,4375-08-01 00:00:00,7.75,5,2D,Ametista,Escola Pública,0.16666666666666666
15,1,0.0,7.454722,2025-07-05 00:00:00,2025-09-01 00:00:00,2025-07-05 00:00:00,8,8.125,6.11111,5,4A,Ametista,Escola Pública,0.06666666666666667
9,1,0.0,8.745557333333332,9.500020000000001,2025-09-02 00:00:00,2025-07-05 00:00:00,10,2025-07-05 00:00:00,7.277776666666666,10,1N,Topázio,Escola Pública,0.1111111111111111
12,3,0.0,6.508056333333332,9.58335,2025-08-02 00:00:00,2025-07-05 00:00:00,0,7.708333333333334,6.944439999999998,10,3F,Ágata,Escola Pública,0.25
10,2,0.0,8.431669,9.500020000000001,2025-08-02 00:00:00,2025-06-25 00:00:00,9,2025-07-05 00:00:00,8.333335,10,2B,Ametista,Rede Decisão/União,0.2
12,2,0.0,7.073614000000001,9.000020000000001,9,6.875,2025-03-05 00:00:00,8.749999999999998,8.055560000000002,5,2P,Ágata,Escola Pública,0.16666666666666666
10,0,0.0,8.138752,9.000020000000001,2025-09-06 00:00:00,2025-07-05 00:00:00,9,7.1875,7.75,5,1A,Ametista,Escola Pública,0.0
10,1,0.0,5.890556,7.33334,2025-07-08 00:00:00,2025-07-05 00:00:00,0,7.916666666666668,7.777776666666667,5,1H,Quartzo,Escola Pública,0.1
8,1,1.0,9.616671,9.000020000000001,10,2025-07-05 00:00:00,10,10,9.833345,10,0B,Topázio,Escola Pública,0.125
10,2,1.0,8.17278,7.4166799999999995,2025-09-06 00:00:00,2025-06-25 00:00:00,6,8.75,9.05556,10,2N,Ametista,Escola Pública,0.2
11,2,0.0,8.196669,8.000020000000001,2025-07-04 00:00:00,2025-07-05 00:00:00,9,2025-07-05 00:00:00,8.083335,10,2B,Ametista,Rede Decisão/União,0.18181818181818182
16,4,0.0,7.820418166666667,8.75001,2025-08-08 00:00:00,2025-06-25 00:00:00,5.333333333333333,4375-08-01 00:00:00,8.2500025,10,6A,Ametista,Rede Decisão/União,0.25
12,1,0.0,6.008751,9.500020000000001,2025-08-02 00:00:00,2025-07-05 00:00:00,0,7.1875,7.249995,5,2H,Quartzo,Escola Pública,0.08333333333333333
10,1,0.0,7.898334666666667,6.41668,2025-09-02 00:00:00,6.875,10,7.291666666666667,2025-07-05 00:00:00,5,1J,Ametista,Escola Pública,0.1
10,1,0.0,7.751390666666667,9.500020000000001,8,2025-06-25 00:00:00,2025-09-05 00:00:00,6.875,7.444443333333333,5,1N,Ametista,Escola Pública,0.1
16,0,0.0,7.312779666666668,7.50001,2025-08-08 00:00:00,2025-07-05 00:00:00,5.333333333333333,8.749999999999998,8.055560000000002,5,4B,Ametista,Escola Pública,0.0
nan,nan,,nan,nan,nan,nan,nan,nan,nan,nan,nan,nan,nan,
11,1,0.0,8.129724666666666,9.500020000000001,2025-08-01 00:00:00,5.625,2025-09-05 00:00:00,8.75,8.611113333333334,5,1R,Ametista,Escola Pública,0.09090909090909091
13,4,0.0,6.394585,7.91668,2025-08-09 00:00:00,4.375,2025-03-05 00:00:00,6875-04-01 00:00:00,8.583335,5,2H,Ágata,Escola Pública,0.3076923076923077
nan,nan,,nan,nan,nan,nan,nan,nan,nan,nan,nan,nan,nan,
nan,nan,,nan,nan,nan,nan,nan,nan,nan,nan,nan,nan,nan,
10,2,0.0,6.6788913333333335,10.000020000000001,2025-07-07 00:00:00,4.375,2025-02-05 00:00:00,6.458333333333333,7.77778,10,2N,Ágata,Escola Pública,0.2
nan,nan,,nan,nan,nan,nan,nan,nan,nan,nan,nan,nan,nan,
10,1,0.0,8.345835333333333,9.500020000000001,2025-09-05 00:00:00,6.875,10,7.083333333333334,8,5,1J,Ametista,Escola Pública,0.1
nan,nan,,nan,nan,nan,nan,nan,nan,nan,nan,nan,nan,nan,
9,0,0.0,8.216668,8.500020000000001,10,2025-07-05 00:00:00,2025-09-05 00:00:00,2025-07-05 00:00:00,7.33333,5,0F,Ametista,Escola Pública,0.0
9,2,0.0,7.808335333333335,10.000020000000001,2025-08-05 00:00:00,2025-07-05 00:00:00,2025-05-05 00:00:00,7.916666666666668,7.333333333333333,10,1C,Ametista,Escola Pública,0.2222222222222222
nan,nan,,nan,nan,nan,nan,nan,nan,nan,nan,nan,nan,nan,
11,1,0.0,7.889583000000001,9.000020000000001,10,2025-07-05 00:00:00,2025-08-05 00:00:00,5625-06-01 00:00:00,6.916655,5,0H,Ametista,Escola Pública,0.09090909090909091
16,1,0.0,8.064375833333333,8.75001,2025-07-09 00:00:00,2025-07-05 00:00:00,6.666666666666667,8.59375,8.333332500000001,10,6A,Ametista,Escola Pública,0.0625
14,2,0.0,7.5256255,7.08333,2025-08-03 00:00:00,4.375,6,8.28125,8.458337499999999,10,5F,Ametista,Rede Decisão/União,0.14285714285714285
13,1,1.0,8.613335,8.75001,2025-09-09 00:00:00,2025-07-05 00:00:00,2025-06-05 00:00:00,8.75,9.166669999999998,10,3G,Topázio,Escola Pública,0.07692307692307693
14,4,0.0,8.845558333333333,9.58335,2025-09-07 00:00:00,2025-07-05 00:00:00,8.333333333333334,8.749999999999998,8.277783333333334,10,4B,Topázio,Escola Pública,0.2857142857142857
nan,nan,,nan,nan,nan,nan,nan,nan,nan,nan,nan,nan,nan,
11,0,0.0,7.460002,8.000020000000001,2025-08-03 00:00:00,2025-07-05 00:00:00,2025-07-25 00:00:00,2025-07-05 00:00:00,7.75,5,1D,Ametista,Escola Pública,0.0
nan,nan,,nan,nan,nan,nan,nan,nan,nan,nan,nan,nan,nan,
10,2,0.0,7.426390666666667,9.500020000000001,2025-07-05 00:00:00,5,9,6.875,7.444443333333333,5,1N,Ametista,Escola Pública,0.2
nan,nan,,nan,nan,nan,nan,nan,nan,nan,nan,nan,nan,nan,
12,3,0.0,6.0041660000000014,0,7,4.375,7,6.666666666666666,7.999996666666666,5,2E,Quartzo,Escola Pública,0.25
nan,nan,,nan,nan,nan,nan,nan,nan,nan,nan,nan,nan,nan,
nan,nan,,nan,nan,nan,nan,nan,nan,nan,nan,nan,nan,nan,
11,2,0.0,6.560557333333334,9.500020000000001,2025-08-04 00:00:00,5,4,5.416666666666666,7.944443333333333,5,1J,Ágata,Escola Pública,0.18181818181818182
nan,nan,,nan,nan,nan,nan,nan,nan,nan,nan,nan,nan,nan,
nan,nan,,nan,nan,nan,nan,nan,nan,nan,nan,nan,nan,nan,
nan,nan,,nan,nan,nan,nan,nan,nan,nan,nan,nan,nan,nan,
